/*
Navicat MySQL Data Transfer

Source Server         : localhost
Source Server Version : 50516
Source Host           : localhost:3306
Source Database       : inventory_sys

Target Server Type    : MYSQL
Target Server Version : 50516
File Encoding         : 65001

Date: 2015-05-17 05:14:52
*/

SET FOREIGN_KEY_CHECKS=0;

-- ----------------------------
-- Table structure for `categories`
-- ----------------------------
DROP TABLE IF EXISTS `categories`;
CREATE TABLE `categories` (
  `id` int(11) NOT NULL AUTO_INCREMENT,
  `short_name` varchar(255) DEFAULT NULL,
  `long_name` varchar(255) DEFAULT NULL,
  `inst_id` int(255) DEFAULT NULL,
  PRIMARY KEY (`id`)
) ENGINE=InnoDB AUTO_INCREMENT=6 DEFAULT CHARSET=latin1;

-- ----------------------------
-- Records of categories
-- ----------------------------
INSERT INTO `categories` VALUES ('1', 'OTHER', 'OTHER DRINKS', '1');
INSERT INTO `categories` VALUES ('2', 'LQ', 'HARD LIQUOR', '1');
INSERT INTO `categories` VALUES ('3', 'SOFT', 'SOFT DRINKSAZ', '1');
INSERT INTO `categories` VALUES ('4', 'EPR', 'Eprocess', null);
INSERT INTO `categories` VALUES ('5', 'BVG', 'BEVERAGE', '1');

-- ----------------------------
-- Table structure for `institutions`
-- ----------------------------
DROP TABLE IF EXISTS `institutions`;
CREATE TABLE `institutions` (
  `id` int(11) NOT NULL AUTO_INCREMENT,
  `inst_short_name` varchar(255) DEFAULT NULL,
  `inst_long_name` varchar(255) DEFAULT NULL,
  `inst_lock` enum('1','0') DEFAULT '0',
  `email` varchar(255) DEFAULT NULL,
  `phone` varchar(255) DEFAULT NULL,
  `fax` varchar(255) DEFAULT NULL,
  `city` varchar(255) DEFAULT NULL,
  `description` varchar(255) DEFAULT NULL,
  `address` varchar(255) DEFAULT NULL,
  `image_cus_site` mediumblob,
  `rec_date` timestamp NULL DEFAULT NULL ON UPDATE CURRENT_TIMESTAMP,
  PRIMARY KEY (`id`)
) ENGINE=InnoDB AUTO_INCREMENT=10 DEFAULT CHARSET=latin1;

-- ----------------------------
-- Records of institutions
-- ----------------------------
INSERT INTO `institutions` VALUES ('1', 'Local-First', 'Localhost -First ', '1', 'fasdf@hay.com', '98707', '0245707630', 'fracni', 'fuck this shit', 'jjj', null, '2014-09-11 10:24:12');
INSERT INTO `institutions` VALUES ('2', 'SilverBird', 'Silverbird Worldwide Inc', '0', null, null, null, null, null, null, null, null);
INSERT INTO `institutions` VALUES ('3', 'EP', 'Eprcoess', '0', 'naywer@as.com', '9898', '990967', 'asdf', 'asdfsadf', null, null, null);
INSERT INTO `institutions` VALUES ('4', 'Defalut', 'adsf', '0', 'nay@a.com', 'asdf', '908098', 'asdf', 'adfasfasfd', 'adsfdsa', null, null);
INSERT INTO `institutions` VALUES ('5', 'Defalut2', 'adsf', '0', 'nay@a.com', 'asdf', '908098', 'asdf', 'adfasfasfd', 'adsfdsa', null, null);
INSERT INTO `institutions` VALUES ('6', 'TESTS', 'TESTOLD', '0', '1380', 'TEST', '32332', 'TESTE', 'ASDFSDD', 'ASDFDS', null, null);
INSERT INTO `institutions` VALUES ('7', 'TESTS7777', 'TESTNEW', '1', '1380', 'TEST', '32332', 'TESTE', 'ASDFSDD', 'ASDFDS', null, null);
INSERT INTO `institutions` VALUES ('8', 'EP', 'EPROCESS SA', '1', 'epa@ecobank.com', '0245707630', '8989-', 'KOKOMLELE', 'this is a self test', 'asdfas', null, null);
INSERT INTO `institutions` VALUES ('9', 'BAMSOFT', 'BAMSOFT LLC', '0', 'commanderjukes@gmail.com', '9898934', '890778902435', 'TEMA', 'write crazy software which does crazy stuff in a reliable,scaleable and secure manner', 'adkdkdkdk', null, null);

-- ----------------------------
-- Table structure for `invoices`
-- ----------------------------
DROP TABLE IF EXISTS `invoices`;
CREATE TABLE `invoices` (
  `id` int(11) NOT NULL AUTO_INCREMENT,
  `transaction_timestamp` timestamp NOT NULL DEFAULT '0000-00-00 00:00:00' ON UPDATE CURRENT_TIMESTAMP,
  `sale_comments` varchar(255) DEFAULT NULL,
  `total_transaction` double NOT NULL,
  `total_amount_paid` double DEFAULT NULL,
  `total_balance_due` double DEFAULT NULL,
  `user_id` int(11) NOT NULL,
  `vat_used` float DEFAULT NULL,
  `transaction_type` enum('') NOT NULL,
  PRIMARY KEY (`id`)
) ENGINE=InnoDB DEFAULT CHARSET=latin1;

-- ----------------------------
-- Records of invoices
-- ----------------------------

-- ----------------------------
-- Table structure for `links`
-- ----------------------------
DROP TABLE IF EXISTS `links`;
CREATE TABLE `links` (
  `id` int(11) NOT NULL AUTO_INCREMENT,
  `link_controller` varchar(255) NOT NULL,
  `link_action` varchar(255) NOT NULL,
  `link_allow` enum('true','false') NOT NULL,
  `link_category` varchar(255) NOT NULL,
  `link_name` varchar(255) NOT NULL,
  `parameter` varchar(255) DEFAULT NULL,
  PRIMARY KEY (`id`)
) ENGINE=InnoDB AUTO_INCREMENT=31 DEFAULT CHARSET=latin1;

-- ----------------------------
-- Records of links
-- ----------------------------
INSERT INTO `links` VALUES ('11', 'User', 'view_users', 'true', 'Staff', 'View Staff', null);
INSERT INTO `links` VALUES ('17', 'Admin', 'view_roles', 'true', 'Admin', 'View Roles', null);
INSERT INTO `links` VALUES ('20', 'Site', 'view_sites', 'true', 'Staff', 'View Sites', null);
INSERT INTO `links` VALUES ('22', 'Admin', 'view_inst', 'true', 'Admin', 'View Institutions', null);
INSERT INTO `links` VALUES ('24', 'Customer', 'view_cust', 'true', 'Reception', 'View Suppliers', null);
INSERT INTO `links` VALUES ('25', 'Customer', 'view_cat', 'true', 'Reception', 'View  Category', null);
INSERT INTO `links` VALUES ('26', 'Admin', 'view_reports', 'true', 'Staff', 'View Reports', null);
INSERT INTO `links` VALUES ('27', 'Admin', 'view_audit_trails', 'true', 'Staff', 'View Audit Trail', null);
INSERT INTO `links` VALUES ('28', 'Admin', 'configure_reports', 'true', 'Staff', 'Configure Reports', null);
INSERT INTO `links` VALUES ('29', 'Customer', 'view_products', 'true', 'Reception', 'View Products', null);
INSERT INTO `links` VALUES ('30', 'Customer', 'view_transaction', 'true', 'Reception', 'View Transactions', null);

-- ----------------------------
-- Table structure for `logs`
-- ----------------------------
DROP TABLE IF EXISTS `logs`;
CREATE TABLE `logs` (
  `id` int(11) NOT NULL AUTO_INCREMENT,
  `log_type` enum('ticket_return','ticket_delete','ticket_redeem','ticket_create','ticket_batch_create') DEFAULT NULL,
  `log_text_reason` varchar(255) DEFAULT NULL,
  `site_id` int(11) DEFAULT NULL,
  `user_action` varchar(255) DEFAULT NULL,
  PRIMARY KEY (`id`)
) ENGINE=InnoDB DEFAULT CHARSET=latin1;

-- ----------------------------
-- Records of logs
-- ----------------------------

-- ----------------------------
-- Table structure for `member_ticket`
-- ----------------------------
DROP TABLE IF EXISTS `member_ticket`;
CREATE TABLE `member_ticket` (
  `id` int(11) NOT NULL AUTO_INCREMENT,
  `email_member` varchar(255) DEFAULT NULL,
  `ticket_id` int(11) DEFAULT NULL,
  `site_id` int(11) DEFAULT NULL,
  `event_id` varchar(255) DEFAULT NULL,
  `del_medium` enum('both','email','text') DEFAULT NULL,
  `cell_number_member` enum('') DEFAULT NULL,
  PRIMARY KEY (`id`)
) ENGINE=InnoDB DEFAULT CHARSET=latin1 COMMENT='logs for tickets sent to customer are kept here ';

-- ----------------------------
-- Records of member_ticket
-- ----------------------------

-- ----------------------------
-- Table structure for `order_products`
-- ----------------------------
DROP TABLE IF EXISTS `order_products`;
CREATE TABLE `order_products` (
  `id` int(11) NOT NULL AUTO_INCREMENT,
  `order_description` varchar(255) DEFAULT NULL,
  PRIMARY KEY (`id`)
) ENGINE=InnoDB DEFAULT CHARSET=latin1;

-- ----------------------------
-- Records of order_products
-- ----------------------------

-- ----------------------------
-- Table structure for `products`
-- ----------------------------
DROP TABLE IF EXISTS `products`;
CREATE TABLE `products` (
  `id` int(11) NOT NULL AUTO_INCREMENT,
  `product_name` varchar(255) DEFAULT NULL,
  `stock_available` int(11) DEFAULT '0',
  `site_id` int(11) DEFAULT NULL,
  `inst_id` int(11) DEFAULT NULL,
  `category_product` int(11) DEFAULT NULL,
  `cost_price` double DEFAULT '0',
  `selling_price` double DEFAULT '0',
  `date_created` timestamp NULL DEFAULT NULL,
  `comments` varchar(255) DEFAULT NULL,
  `crates_available` int(11) DEFAULT NULL,
  `quantity_crate` int(11) NOT NULL DEFAULT '0',
  `modulu_crate` int(11) DEFAULT NULL,
  `date_modified` timestamp NULL DEFAULT NULL ON UPDATE CURRENT_TIMESTAMP,
  `user_id` int(20) NOT NULL,
  `product_batch` int(11) DEFAULT NULL,
  `product_expiry` timestamp NOT NULL DEFAULT '0000-00-00 00:00:00',
  PRIMARY KEY (`id`),
  KEY `product_name_index` (`product_name`),
  KEY `category_product` (`category_product`),
  CONSTRAINT `category_product` FOREIGN KEY (`category_product`) REFERENCES `categories` (`id`)
) ENGINE=InnoDB AUTO_INCREMENT=35 DEFAULT CHARSET=latin1;

-- ----------------------------
-- Records of products
-- ----------------------------
INSERT INTO `products` VALUES ('15', 'guinneasadsfs11', '9', '9', '1', '1', '2.35', '3.5', '2015-04-15 02:36:39', null, null, '24', null, '2015-05-17 05:09:42', '0', null, '0000-00-00 00:00:00');
INSERT INTO `products` VALUES ('18', 'l star', '4', '9', '1', '1', '2', '3', '2014-09-11 11:16:12', null, null, '12', null, '2015-05-16 00:47:34', '0', null, '0000-00-00 00:00:00');
INSERT INTO `products` VALUES ('19', 'malt', '0', '9', '1', '3', '1.47', '2.8', '2015-04-08 10:48:55', null, null, '24', null, '2015-05-15 04:23:50', '0', null, '0000-00-00 00:00:00');
INSERT INTO `products` VALUES ('20', 'troll', '13', '1', '1', '1', '7', '10', '2015-04-15 02:37:43', null, null, '10', null, '2015-05-16 00:47:34', '0', null, '0000-00-00 00:00:00');
INSERT INTO `products` VALUES ('21', 'sardine', '0', '1', '1', '1', '4', '5', null, null, null, '4', null, '2015-04-28 01:32:08', '0', null, '0000-00-00 00:00:00');
INSERT INTO `products` VALUES ('22', 'mik', '7', '1', '1', '1', '10', '20', '2015-04-15 02:56:00', null, null, '4', null, '2015-05-15 23:29:10', '0', null, '0000-00-00 00:00:00');
INSERT INTO `products` VALUES ('23', 'rice', '2', '1', '1', '1', '5', '2', '2015-04-22 15:26:05', null, null, '5', null, null, '0', null, '0000-00-00 00:00:00');
INSERT INTO `products` VALUES ('24', 'troll', '0', '9', '1', '2', '3', '23', '2015-04-22 15:26:05', null, null, '45', null, '2015-05-16 00:46:23', '0', null, '0000-00-00 00:00:00');
INSERT INTO `products` VALUES ('25', 'tampico', '0', '9', '1', '3', '12', '45', '2015-04-22 15:26:05', null, null, '12', null, '2015-05-16 00:46:21', '0', null, '0000-00-00 00:00:00');
INSERT INTO `products` VALUES ('26', 'sprite', '0', '9', '1', '1', '45', '600', '2015-04-22 15:26:05', null, null, '45', null, '2015-05-16 00:46:19', '0', null, '0000-00-00 00:00:00');
INSERT INTO `products` VALUES ('27', 'fanice', '0', '9', '1', '2', '43', '50', '2015-04-22 15:26:05', null, null, '4', null, '2015-05-16 00:46:18', '0', null, '0000-00-00 00:00:00');
INSERT INTO `products` VALUES ('28', 'big star', '0', '9', '1', '3', '45', '90', '2015-04-22 15:26:05', null, null, '90', null, '2015-05-16 00:46:16', '0', null, '0000-00-00 00:00:00');
INSERT INTO `products` VALUES ('29', 'medium star', '0', '1', '1', '3', '10', '0', '2015-04-22 15:26:05', null, null, '24', null, '2015-05-16 00:46:15', '0', null, '0000-00-00 00:00:00');
INSERT INTO `products` VALUES ('30', 'small_cup', '7', '1', '1', '5', '1', '5', '2015-04-22 15:26:05', null, null, '5', null, '2015-05-16 00:46:13', '0', null, '0000-00-00 00:00:00');
INSERT INTO `products` VALUES ('31', 'bigcup', '124', '1', '1', '4', '5', '10', '2015-04-22 15:26:05', null, null, '10', null, '2015-05-16 01:25:34', '0', null, '0000-00-00 00:00:00');
INSERT INTO `products` VALUES ('32', 'adfsa', '0', '1', '1', '1', '0', '0', null, null, null, '1', null, '2015-05-16 04:31:49', '0', null, '0000-00-00 00:00:00');
INSERT INTO `products` VALUES ('33', 'newstuff', '0', '1', '1', '1', '12.45', '15', null, null, null, '1', null, null, '0', null, '0000-00-00 00:00:00');
INSERT INTO `products` VALUES ('34', 'checke_forsure', '90', '1', '1', '1', '12.09', '90', null, null, null, '5', null, '2015-05-17 03:19:20', '0', null, '0000-00-00 00:00:00');

-- ----------------------------
-- Table structure for `products_jn`
-- ----------------------------
DROP TABLE IF EXISTS `products_jn`;
CREATE TABLE `products_jn` (
  `id` int(11) NOT NULL AUTO_INCREMENT,
  `product_name` varchar(255) DEFAULT NULL,
  `stock_available` int(11) DEFAULT '0',
  `site_id` int(11) DEFAULT NULL,
  `inst_id` int(11) DEFAULT NULL,
  `category_product` int(11) DEFAULT NULL,
  `cost_price` double DEFAULT '0',
  `selling_price` double DEFAULT '0',
  `date_created` timestamp NULL DEFAULT NULL,
  `comments` varchar(255) DEFAULT NULL,
  `crates_available` int(11) DEFAULT NULL,
  `quantity_crate` int(11) NOT NULL DEFAULT '0',
  `modulu_crate` int(11) DEFAULT NULL,
  `date_modified` timestamp NULL DEFAULT NULL ON UPDATE CURRENT_TIMESTAMP,
  `user_id` int(20) NOT NULL,
  `product_batch` int(11) DEFAULT NULL,
  `product_expiry` timestamp NOT NULL DEFAULT '0000-00-00 00:00:00',
  PRIMARY KEY (`id`),
  KEY `product_name_index` (`product_name`),
  KEY `category_product` (`category_product`),
  CONSTRAINT `products_jn_ibfk_1` FOREIGN KEY (`category_product`) REFERENCES `categories` (`id`)
) ENGINE=InnoDB AUTO_INCREMENT=35 DEFAULT CHARSET=latin1;

-- ----------------------------
-- Records of products_jn
-- ----------------------------
INSERT INTO `products_jn` VALUES ('15', 'guinneasadsfs11', '11', '9', '1', '1', '2.35', '3.5', '2015-04-15 02:36:39', null, null, '24', null, '2015-05-16 01:43:07', '0', null, '0000-00-00 00:00:00');
INSERT INTO `products_jn` VALUES ('18', 'l star', '4', '9', '1', '1', '2', '3', '2014-09-11 11:16:12', null, null, '12', null, '2015-05-16 00:47:34', '0', null, '0000-00-00 00:00:00');
INSERT INTO `products_jn` VALUES ('19', 'malt', '0', '9', '1', '3', '1.47', '2.8', '2015-04-08 10:48:55', null, null, '24', null, '2015-05-15 04:23:50', '0', null, '0000-00-00 00:00:00');
INSERT INTO `products_jn` VALUES ('20', 'troll', '13', '1', '1', '1', '7', '10', '2015-04-15 02:37:43', null, null, '10', null, '2015-05-16 00:47:34', '0', null, '0000-00-00 00:00:00');
INSERT INTO `products_jn` VALUES ('21', 'sardine', '0', '1', '1', '1', '4', '5', null, null, null, '4', null, '2015-04-28 01:32:08', '0', null, '0000-00-00 00:00:00');
INSERT INTO `products_jn` VALUES ('22', 'mik', '7', '1', '1', '1', '10', '20', '2015-04-15 02:56:00', null, null, '4', null, '2015-05-15 23:29:10', '0', null, '0000-00-00 00:00:00');
INSERT INTO `products_jn` VALUES ('23', 'rice', '2', '1', '1', '1', '5', '2', '2015-04-22 15:26:05', null, null, '5', null, null, '0', null, '0000-00-00 00:00:00');
INSERT INTO `products_jn` VALUES ('24', 'troll', '0', '9', '1', '2', '3', '23', '2015-04-22 15:26:05', null, null, '45', null, '2015-05-16 00:46:23', '0', null, '0000-00-00 00:00:00');
INSERT INTO `products_jn` VALUES ('25', 'tampico', '0', '9', '1', '3', '12', '45', '2015-04-22 15:26:05', null, null, '12', null, '2015-05-16 00:46:21', '0', null, '0000-00-00 00:00:00');
INSERT INTO `products_jn` VALUES ('26', 'sprite', '0', '9', '1', '1', '45', '600', '2015-04-22 15:26:05', null, null, '45', null, '2015-05-16 00:46:19', '0', null, '0000-00-00 00:00:00');
INSERT INTO `products_jn` VALUES ('27', 'fanice', '0', '9', '1', '2', '43', '50', '2015-04-22 15:26:05', null, null, '4', null, '2015-05-16 00:46:18', '0', null, '0000-00-00 00:00:00');
INSERT INTO `products_jn` VALUES ('28', 'big star', '0', '9', '1', '3', '45', '90', '2015-04-22 15:26:05', null, null, '90', null, '2015-05-16 00:46:16', '0', null, '0000-00-00 00:00:00');
INSERT INTO `products_jn` VALUES ('29', 'medium star', '0', '1', '1', '3', '10', '0', '2015-04-22 15:26:05', null, null, '24', null, '2015-05-16 00:46:15', '0', null, '0000-00-00 00:00:00');
INSERT INTO `products_jn` VALUES ('30', 'small_cup', '7', '1', '1', '5', '1', '5', '2015-04-22 15:26:05', null, null, '5', null, '2015-05-16 00:46:13', '0', null, '0000-00-00 00:00:00');
INSERT INTO `products_jn` VALUES ('31', 'bigcup', '124', '1', '1', '4', '5', '10', '2015-04-22 15:26:05', null, null, '10', null, '2015-05-16 01:25:34', '0', null, '0000-00-00 00:00:00');
INSERT INTO `products_jn` VALUES ('32', 'adfsa', '0', '1', '1', '1', '0', '0', null, null, null, '1', null, '2015-05-16 04:31:49', '0', null, '0000-00-00 00:00:00');
INSERT INTO `products_jn` VALUES ('33', 'newstuff', '0', '1', '1', '1', '12.45', '15', null, null, null, '1', null, null, '0', null, '0000-00-00 00:00:00');
INSERT INTO `products_jn` VALUES ('34', 'checke_forsure', '0', '1', '1', '1', '12.09', '90', null, null, null, '5', null, '2015-05-16 08:09:59', '0', null, '0000-00-00 00:00:00');

-- ----------------------------
-- Table structure for `product_barc_info`
-- ----------------------------
DROP TABLE IF EXISTS `product_barc_info`;
CREATE TABLE `product_barc_info` (
  `id` int(11) NOT NULL AUTO_INCREMENT,
  `product_barcode` varchar(255) NOT NULL,
  `product_id_fok` int(11) DEFAULT NULL,
  `comment_product` varchar(255) NOT NULL,
  PRIMARY KEY (`id`)
) ENGINE=InnoDB DEFAULT CHARSET=latin1;

-- ----------------------------
-- Records of product_barc_info
-- ----------------------------

-- ----------------------------
-- Table structure for `product_transactions`
-- ----------------------------
DROP TABLE IF EXISTS `product_transactions`;
CREATE TABLE `product_transactions` (
  `id` int(11) NOT NULL AUTO_INCREMENT,
  `product_id` int(11) NOT NULL,
  `quantity` int(11) DEFAULT NULL,
  `price` double DEFAULT NULL,
  `transaction_type` varchar(11) DEFAULT NULL,
  `transaction_timestamp` timestamp NULL DEFAULT NULL ON UPDATE CURRENT_TIMESTAMP,
  `user_id` int(11) DEFAULT NULL,
  `inst_id` int(11) DEFAULT NULL,
  `order_id` int(11) DEFAULT NULL,
  `receipt_id` int(11) DEFAULT NULL,
  `sale_id` int(11) DEFAULT NULL,
  PRIMARY KEY (`id`),
  KEY `trans_product_fk` (`product_id`),
  KEY `trans_user_fk` (`user_id`),
  KEY `receipt_sales` (`receipt_id`),
  KEY `sale_fk` (`sale_id`),
  CONSTRAINT `receipt_sales` FOREIGN KEY (`receipt_id`) REFERENCES `receipts` (`id`),
  CONSTRAINT `sale_fk` FOREIGN KEY (`sale_id`) REFERENCES `sales` (`id`),
  CONSTRAINT `trans_product_fk` FOREIGN KEY (`product_id`) REFERENCES `products` (`id`),
  CONSTRAINT `trans_user_fk` FOREIGN KEY (`user_id`) REFERENCES `users` (`id`)
) ENGINE=InnoDB AUTO_INCREMENT=181 DEFAULT CHARSET=latin1;

-- ----------------------------
-- Records of product_transactions
-- ----------------------------
INSERT INTO `product_transactions` VALUES ('57', '15', '5', '3.5', 'restock', '2014-09-11 10:24:51', '89', '1', null, null, null);
INSERT INTO `product_transactions` VALUES ('58', '15', '20', '3.5', 'restock', '2014-09-11 10:24:53', '89', '1', null, null, null);
INSERT INTO `product_transactions` VALUES ('60', '18', '36', '3', 'restock', '2014-09-11 11:11:55', '89', '1', null, null, null);
INSERT INTO `product_transactions` VALUES ('61', '18', '5', '3', 'sale', '2014-09-11 11:13:03', '89', '1', null, null, null);
INSERT INTO `product_transactions` VALUES ('62', '18', '4', '5', 'sale', '2014-09-11 11:13:34', '89', '1', null, null, null);
INSERT INTO `product_transactions` VALUES ('63', '18', '27', '3', 'removal', '2014-09-11 11:15:41', '89', '1', null, null, null);
INSERT INTO `product_transactions` VALUES ('64', '18', '39', '3', 'restock', '2014-09-11 11:16:12', '89', '1', null, null, null);
INSERT INTO `product_transactions` VALUES ('65', '15', '25', '3.5', 'removal', '2014-09-11 11:17:13', '89', '1', null, null, null);
INSERT INTO `product_transactions` VALUES ('66', '15', '120', '3.5', 'restock', '2014-09-11 11:17:40', '89', '1', null, null, null);
INSERT INTO `product_transactions` VALUES ('67', '19', '66', '2.8', 'restock', '2014-09-11 11:33:52', '89', '1', null, null, null);
INSERT INTO `product_transactions` VALUES ('68', '19', '5', '2.8', 'sale', '2014-09-25 12:01:44', '1', '1', null, null, null);
INSERT INTO `product_transactions` VALUES ('69', '19', '2', '2.8', 'sale', '2014-09-25 12:02:15', '1', '1', null, null, null);
INSERT INTO `product_transactions` VALUES ('70', '19', '2', '2.8', 'removal', '2015-04-08 10:48:55', '1', '1', null, null, null);
INSERT INTO `product_transactions` VALUES ('71', '15', '12', '3.5', 'sale', '2015-04-08 11:07:38', '1', '1', null, null, null);
INSERT INTO `product_transactions` VALUES ('72', '15', '4', '3.5', 'removal', '2015-04-08 11:10:58', '1', '1', null, null, null);
INSERT INTO `product_transactions` VALUES ('73', '20', '67', '10', 'restock', '2015-04-14 22:47:21', '1', '1', null, null, null);
INSERT INTO `product_transactions` VALUES ('74', '20', '5', '10', 'sale', '2015-04-14 22:50:47', '1', '1', null, null, null);
INSERT INTO `product_transactions` VALUES ('75', '20', '7', '10', 'sale', '2015-04-14 22:56:15', '1', '1', null, null, null);
INSERT INTO `product_transactions` VALUES ('76', '15', '3', '3.5', 'sale', '2015-04-15 02:36:39', '90', '1', null, null, null);
INSERT INTO `product_transactions` VALUES ('77', '20', '3', '10', 'sale', '2015-04-15 02:37:43', '90', '1', null, null, null);
INSERT INTO `product_transactions` VALUES ('78', '22', '2', '20', 'restock', '2015-04-15 02:55:25', '1', '1', null, null, null);
INSERT INTO `product_transactions` VALUES ('79', '22', '10', '20', 'restock', '2015-04-15 02:56:00', '1', '1', null, null, null);
INSERT INTO `product_transactions` VALUES ('80', '23', '10', '2', 'restock', '2015-04-22 15:22:19', '1', '1', null, null, null);
INSERT INTO `product_transactions` VALUES ('81', '23', '3', '2', 'sale', '2015-04-22 15:23:57', '1', '1', null, null, null);
INSERT INTO `product_transactions` VALUES ('82', '23', '5', '2', 'removal', '2015-04-22 15:26:05', '1', '1', null, null, null);
INSERT INTO `product_transactions` VALUES ('83', '31', '89', '10', 'restock', '2015-05-05 03:39:01', '1', '1', null, null, null);
INSERT INTO `product_transactions` VALUES ('84', '31', '76', '10', 'restock', '2015-05-05 03:39:13', '1', '1', null, null, null);
INSERT INTO `product_transactions` VALUES ('85', '31', '8', '10', 'sale', '2015-05-05 04:03:42', '1', '1', null, null, null);
INSERT INTO `product_transactions` VALUES ('86', '31', '9', '10', 'restock', '2015-05-05 04:03:53', '1', '1', null, null, null);
INSERT INTO `product_transactions` VALUES ('87', '31', '12', '10', 'restock', '2015-05-06 02:35:13', '1', '1', null, null, null);
INSERT INTO `product_transactions` VALUES ('88', '30', '34', '5', 'restock', '2015-05-06 02:35:29', '1', '1', null, null, null);
INSERT INTO `product_transactions` VALUES ('89', '15', '2', '3.5', 'sale', '2015-05-14 02:21:53', '1', '1', null, null, '32');
INSERT INTO `product_transactions` VALUES ('90', '15', '2', '3.5', 'sale', '2015-05-14 02:22:45', '1', '1', null, null, '33');
INSERT INTO `product_transactions` VALUES ('91', '18', '1', '3', 'sale', '2015-05-14 02:24:47', '1', '1', null, null, '34');
INSERT INTO `product_transactions` VALUES ('128', '15', '23', '3.5', 'sale', '2015-05-15 03:54:25', '1', '1', null, null, '32');
INSERT INTO `product_transactions` VALUES ('129', '18', '4', '3', 'sale', '2015-05-15 03:54:25', '1', '1', null, null, '32');
INSERT INTO `product_transactions` VALUES ('130', '19', '3', '2.8', 'sale', '2015-05-15 03:54:25', '1', '1', null, null, '32');
INSERT INTO `product_transactions` VALUES ('131', '20', '12', '10', 'sale', '2015-05-15 03:54:25', '1', '1', null, null, '32');
INSERT INTO `product_transactions` VALUES ('132', '15', '23', '3.5', 'sale', '2015-05-15 04:02:43', '1', '1', null, null, '43');
INSERT INTO `product_transactions` VALUES ('133', '18', '56', '3', 'sale', '2015-05-15 04:02:43', '1', '1', null, null, '43');
INSERT INTO `product_transactions` VALUES ('134', '19', '54', '2.8', 'sale', '2015-05-15 04:02:43', '1', '1', null, null, '43');
INSERT INTO `product_transactions` VALUES ('135', '20', '34', '10', 'sale', '2015-05-15 04:02:43', '1', '1', null, null, '43');
INSERT INTO `product_transactions` VALUES ('139', '15', '34', '3.5', 'sale', '2015-05-15 04:11:53', '1', '1', null, null, '45');
INSERT INTO `product_transactions` VALUES ('140', '18', '50', '3', 'sale', '2015-05-15 04:11:53', '1', '1', null, null, '45');
INSERT INTO `product_transactions` VALUES ('141', '15', '8', '3.5', 'sale', '2015-05-15 04:21:07', '1', '1', null, null, '46');
INSERT INTO `product_transactions` VALUES ('142', '18', '400', '3', 'sale', '2015-05-15 04:21:07', '1', '1', null, null, '46');
INSERT INTO `product_transactions` VALUES ('143', '18', '3', '3', 'sale', '2015-05-15 04:23:50', '1', '1', null, null, '47');
INSERT INTO `product_transactions` VALUES ('144', '19', '3', '2.8', 'sale', '2015-05-15 04:23:50', '1', '1', null, null, '47');
INSERT INTO `product_transactions` VALUES ('145', '18', '2', '3', 'sale', '2015-05-15 04:28:19', '1', '1', null, null, '48');
INSERT INTO `product_transactions` VALUES ('146', '20', '1', '10', 'sale', '2015-05-15 04:28:19', '1', '1', null, null, '48');
INSERT INTO `product_transactions` VALUES ('147', '30', '2', '5', 'sale', '2015-05-15 04:32:57', '1', '1', null, null, '49');
INSERT INTO `product_transactions` VALUES ('148', '31', '2', '10', 'sale', '2015-05-15 04:32:57', '1', '1', null, null, '49');
INSERT INTO `product_transactions` VALUES ('149', '18', '5', '3', 'sale', '2015-05-15 04:47:29', '1', '1', null, null, '50');
INSERT INTO `product_transactions` VALUES ('150', '31', '1', '10', 'sale', '2015-05-15 04:55:15', '1', '1', null, null, '51');
INSERT INTO `product_transactions` VALUES ('151', '30', '1', '5', 'sale', '2015-05-15 04:55:15', '1', '1', null, null, '51');
INSERT INTO `product_transactions` VALUES ('152', '31', '1', '10', 'sale', '2015-05-15 04:56:51', '1', '1', null, null, '52');
INSERT INTO `product_transactions` VALUES ('153', '30', '1', '5', 'sale', '2015-05-15 04:56:51', '1', '1', null, null, '52');
INSERT INTO `product_transactions` VALUES ('154', '31', '54', '10', 'sale', '2015-05-15 04:57:27', '1', '1', null, null, '53');
INSERT INTO `product_transactions` VALUES ('155', '30', '23', '5', 'sale', '2015-05-15 04:57:27', '1', '1', null, null, '53');
INSERT INTO `product_transactions` VALUES ('156', '18', '25', '3', 'sale', '2015-05-15 21:59:59', '1', '1', null, null, '54');
INSERT INTO `product_transactions` VALUES ('157', '18', '1', '3', 'add_sales', '2015-05-15 22:43:24', '1', '1', null, null, '55');
INSERT INTO `product_transactions` VALUES ('158', '18', '1', '3', 'add_sales', '2015-05-15 22:43:50', '1', '1', null, null, '56');
INSERT INTO `product_transactions` VALUES ('159', '18', '1', '3', 'add_sales', '2015-05-15 22:44:11', '1', '1', null, null, '57');
INSERT INTO `product_transactions` VALUES ('160', '20', '1', '10', 'add_sales', '2015-05-15 23:21:56', '1', '1', null, null, '58');
INSERT INTO `product_transactions` VALUES ('161', '20', '1', '10', 'add_sales', '2015-05-15 23:27:23', '1', '1', null, null, '59');
INSERT INTO `product_transactions` VALUES ('162', '22', '5', '20', 'add_sales', '2015-05-15 23:29:10', '1', '1', null, null, '60');
INSERT INTO `product_transactions` VALUES ('163', '20', '4', '10', 'add_sales', '2015-05-15 23:32:38', '1', '1', null, null, '61');
INSERT INTO `product_transactions` VALUES ('164', '31', '1', '10', 'add_sales', '2015-05-16 00:44:09', '1', '1', null, null, '62');
INSERT INTO `product_transactions` VALUES ('165', '15', '6', '3.5', 'add_recv', '2015-05-16 00:47:34', '1', '1', null, null, '63');
INSERT INTO `product_transactions` VALUES ('166', '18', '4', '3', 'add_recv', '2015-05-16 00:47:34', '1', '1', null, null, '63');
INSERT INTO `product_transactions` VALUES ('167', '20', '3', '10', 'add_recv', '2015-05-16 00:47:34', '1', '1', null, null, '63');
INSERT INTO `product_transactions` VALUES ('168', '31', '5', '10', 'add_recv', '2015-05-16 00:47:34', '1', '1', null, null, '63');
INSERT INTO `product_transactions` VALUES ('169', '15', '3', '3.5', 'add_inv', '2015-05-16 00:50:34', '1', '1', null, null, '64');
INSERT INTO `product_transactions` VALUES ('170', '18', '3', '3', 'add_inv', '2015-05-16 00:50:34', '1', '1', null, null, '64');
INSERT INTO `product_transactions` VALUES ('171', '19', '3', '2.8', 'add_inv', '2015-05-16 00:50:34', '1', '1', null, null, '64');
INSERT INTO `product_transactions` VALUES ('172', '31', '1', '10', 'add_sales', '2015-05-16 01:12:16', '1', '1', null, null, '65');
INSERT INTO `product_transactions` VALUES ('173', '31', '1', '10', 'add_sales', '2015-05-16 01:25:10', '1', '1', null, null, '66');
INSERT INTO `product_transactions` VALUES ('174', '31', '2', '10', 'add_recv', '2015-05-16 01:25:34', '1', '1', null, null, '67');
INSERT INTO `product_transactions` VALUES ('175', '31', '5', '10', 'add_inv', '2015-05-16 01:26:50', '1', '1', null, null, '68');
INSERT INTO `product_transactions` VALUES ('176', '15', '5', '3.5', 'add_recv', '2015-05-16 01:43:07', '1', '1', null, null, '69');
INSERT INTO `product_transactions` VALUES ('177', '34', '100', '90', 'add_recv', '2015-05-17 03:18:47', '1', '1', null, null, '70');
INSERT INTO `product_transactions` VALUES ('178', '34', '10', '90', 'add_revr', '2015-05-17 03:19:20', '1', '1', null, null, '71');
INSERT INTO `product_transactions` VALUES ('179', '15', '1', '3.5', 'add_sales', '2015-05-17 05:08:06', '1', '1', null, null, '72');
INSERT INTO `product_transactions` VALUES ('180', '15', '1', '3.5', 'add_revr', '2015-05-17 05:09:42', '1', '1', null, null, '73');

-- ----------------------------
-- Table structure for `receipts`
-- ----------------------------
DROP TABLE IF EXISTS `receipts`;
CREATE TABLE `receipts` (
  `id` int(11) NOT NULL AUTO_INCREMENT,
  `sale_id` int(11) NOT NULL,
  `staff_id` int(11) NOT NULL,
  `transaction_timestamp` timestamp NOT NULL DEFAULT '0000-00-00 00:00:00' ON UPDATE CURRENT_TIMESTAMP,
  `paid_status` enum('1','-1','2','3','0') NOT NULL COMMENT '0 = Pending, 1 = Paid, -1 = Cancelled,2=Refunded,3=Part',
  `currency` int(11) NOT NULL,
  `amount_paid` double DEFAULT NULL,
  `comment_cancelled` varchar(255) DEFAULT NULL,
  `balance_due` double DEFAULT NULL,
  PRIMARY KEY (`id`),
  KEY `sales_fk` (`sale_id`),
  KEY `staff_fk` (`staff_id`),
  CONSTRAINT `sales_fk` FOREIGN KEY (`sale_id`) REFERENCES `sales` (`id`),
  CONSTRAINT `staff_fk` FOREIGN KEY (`staff_id`) REFERENCES `users` (`id`)
) ENGINE=InnoDB DEFAULT CHARSET=latin1;

-- ----------------------------
-- Records of receipts
-- ----------------------------

-- ----------------------------
-- Table structure for `receives`
-- ----------------------------
DROP TABLE IF EXISTS `receives`;
CREATE TABLE `receives` (
  `id` int(11) NOT NULL AUTO_INCREMENT,
  `transaction_timestamp` timestamp NOT NULL DEFAULT '0000-00-00 00:00:00' ON UPDATE CURRENT_TIMESTAMP,
  `sale_comments` varchar(255) DEFAULT NULL,
  `total_transaction` double NOT NULL,
  `total_amount_paid` double DEFAULT NULL,
  `total_balance_due` double DEFAULT NULL,
  `user_id` int(11) NOT NULL,
  `vat_used` float DEFAULT NULL,
  `transaction_type` enum('') NOT NULL,
  PRIMARY KEY (`id`)
) ENGINE=InnoDB DEFAULT CHARSET=latin1;

-- ----------------------------
-- Records of receives
-- ----------------------------

-- ----------------------------
-- Table structure for `reports`
-- ----------------------------
DROP TABLE IF EXISTS `reports`;
CREATE TABLE `reports` (
  `id` int(3) NOT NULL AUTO_INCREMENT,
  `title` varchar(100) DEFAULT NULL,
  `position` tinyint(2) DEFAULT NULL,
  `level` tinyint(2) DEFAULT NULL,
  `action` varchar(100) DEFAULT NULL,
  `params` longtext,
  `controller` varchar(255) NOT NULL DEFAULT '',
  `report_category_id` int(11) DEFAULT NULL,
  PRIMARY KEY (`id`)
) ENGINE=InnoDB AUTO_INCREMENT=18 DEFAULT CHARSET=latin1;

-- ----------------------------
-- Records of reports
-- ----------------------------
INSERT INTO `reports` VALUES ('15', 'SITE REPORT', null, null, null, 'select *  from chcms.sites', '', '4');
INSERT INTO `reports` VALUES ('16', 'INSTITUTION REPORT', null, null, null, 'select * from chcms.institutions', '', '4');
INSERT INTO `reports` VALUES ('17', 'fresh', null, null, null, 'select * from fresh', '', '4');

-- ----------------------------
-- Table structure for `report_categories`
-- ----------------------------
DROP TABLE IF EXISTS `report_categories`;
CREATE TABLE `report_categories` (
  `id` tinyint(3) unsigned NOT NULL AUTO_INCREMENT,
  `name` varchar(100) DEFAULT NULL,
  `parent_id` tinyint(3) unsigned DEFAULT NULL,
  PRIMARY KEY (`id`)
) ENGINE=InnoDB AUTO_INCREMENT=5 DEFAULT CHARSET=latin1;

-- ----------------------------
-- Records of report_categories
-- ----------------------------
INSERT INTO `report_categories` VALUES ('3', 'Site Reports', null);
INSERT INTO `report_categories` VALUES ('4', 'Institution Reports', null);

-- ----------------------------
-- Table structure for `report_parameters`
-- ----------------------------
DROP TABLE IF EXISTS `report_parameters`;
CREATE TABLE `report_parameters` (
  `id` int(5) unsigned NOT NULL AUTO_INCREMENT,
  `type` enum('text','number','date','datetime','month','timestamp','year') DEFAULT NULL,
  `label` varchar(100) DEFAULT NULL,
  `name` varchar(100) DEFAULT NULL,
  `initial_value` varchar(100) DEFAULT NULL,
  `required` tinyint(1) DEFAULT '0',
  `report_id` int(11) DEFAULT NULL,
  PRIMARY KEY (`id`),
  KEY `report_link` (`report_id`),
  CONSTRAINT `report_parameters_ibfk_1` FOREIGN KEY (`report_id`) REFERENCES `reports` (`id`) ON DELETE CASCADE ON UPDATE CASCADE
) ENGINE=InnoDB AUTO_INCREMENT=70 DEFAULT CHARSET=latin1;

-- ----------------------------
-- Records of report_parameters
-- ----------------------------
INSERT INTO `report_parameters` VALUES ('60', 'timestamp', 'timestamp', 'timpstamp', null, '0', '16');
INSERT INTO `report_parameters` VALUES ('62', 'text', 'Site Name', 'site_name', null, '0', '15');
INSERT INTO `report_parameters` VALUES ('63', 'number', 'Site Address', 'site_address', null, '0', '15');
INSERT INTO `report_parameters` VALUES ('64', 'number', 'Site Phone', 'site_phone', null, '0', '15');
INSERT INTO `report_parameters` VALUES ('65', 'timestamp', 'Site Email', 'email', null, '0', '15');
INSERT INTO `report_parameters` VALUES ('69', 'number', 'fresh', 'fresh', null, '0', '17');

-- ----------------------------
-- Table structure for `report_roles`
-- ----------------------------
DROP TABLE IF EXISTS `report_roles`;
CREATE TABLE `report_roles` (
  `id` int(11) NOT NULL AUTO_INCREMENT,
  `report_id` int(11) DEFAULT NULL,
  `role_id` int(11) DEFAULT NULL,
  PRIMARY KEY (`id`),
  KEY `report_fk` (`report_id`),
  KEY `role_fk` (`role_id`),
  CONSTRAINT `report_fk` FOREIGN KEY (`report_id`) REFERENCES `reports` (`id`),
  CONSTRAINT `role_fk` FOREIGN KEY (`role_id`) REFERENCES `roles` (`id`)
) ENGINE=InnoDB AUTO_INCREMENT=40 DEFAULT CHARSET=latin1;

-- ----------------------------
-- Records of report_roles
-- ----------------------------
INSERT INTO `report_roles` VALUES ('23', '15', '1');
INSERT INTO `report_roles` VALUES ('25', '15', '3');
INSERT INTO `report_roles` VALUES ('39', '16', '4');

-- ----------------------------
-- Table structure for `reversals`
-- ----------------------------
DROP TABLE IF EXISTS `reversals`;
CREATE TABLE `reversals` (
  `id` int(11) NOT NULL AUTO_INCREMENT,
  `transaction_timestamp` timestamp NOT NULL DEFAULT '0000-00-00 00:00:00' ON UPDATE CURRENT_TIMESTAMP,
  `sale_comments` varchar(255) DEFAULT NULL,
  `total_transaction` double NOT NULL,
  `total_amount_paid` double DEFAULT NULL,
  `total_balance_due` double DEFAULT NULL,
  `user_id` int(11) NOT NULL,
  `vat_used` float DEFAULT NULL,
  `transaction_type` enum('') NOT NULL,
  PRIMARY KEY (`id`)
) ENGINE=InnoDB DEFAULT CHARSET=latin1;

-- ----------------------------
-- Records of reversals
-- ----------------------------

-- ----------------------------
-- Table structure for `reverse_reasons`
-- ----------------------------
DROP TABLE IF EXISTS `reverse_reasons`;
CREATE TABLE `reverse_reasons` (
  `id` int(11) NOT NULL AUTO_INCREMENT,
  `reason` varchar(255) DEFAULT NULL,
  PRIMARY KEY (`id`)
) ENGINE=InnoDB AUTO_INCREMENT=7 DEFAULT CHARSET=latin1;

-- ----------------------------
-- Records of reverse_reasons
-- ----------------------------
INSERT INTO `reverse_reasons` VALUES ('1', 'Returned');
INSERT INTO `reverse_reasons` VALUES ('2', 'Broken');
INSERT INTO `reverse_reasons` VALUES ('3', 'Lost');
INSERT INTO `reverse_reasons` VALUES ('4', 'Stolen');
INSERT INTO `reverse_reasons` VALUES ('5', 'Expired');
INSERT INTO `reverse_reasons` VALUES ('6', 'Other');

-- ----------------------------
-- Table structure for `roles`
-- ----------------------------
DROP TABLE IF EXISTS `roles`;
CREATE TABLE `roles` (
  `id` int(11) NOT NULL AUTO_INCREMENT,
  `role_short_name` varchar(255) DEFAULT NULL,
  `role_long_name` varchar(255) DEFAULT NULL,
  PRIMARY KEY (`id`)
) ENGINE=InnoDB AUTO_INCREMENT=5 DEFAULT CHARSET=latin1;

-- ----------------------------
-- Records of roles
-- ----------------------------
INSERT INTO `roles` VALUES ('1', 'TRA', 'Staff');
INSERT INTO `roles` VALUES ('3', 'ADM', 'Administrator');
INSERT INTO `roles` VALUES ('4', 'SADM', 'Super Admin');

-- ----------------------------
-- Table structure for `role_links`
-- ----------------------------
DROP TABLE IF EXISTS `role_links`;
CREATE TABLE `role_links` (
  `id` int(11) NOT NULL AUTO_INCREMENT,
  `link_id` int(11) DEFAULT NULL,
  `role_id` int(11) DEFAULT NULL,
  PRIMARY KEY (`id`),
  KEY `roles-fk` (`role_id`),
  KEY `links-fk` (`link_id`),
  CONSTRAINT `links-fk` FOREIGN KEY (`link_id`) REFERENCES `links` (`id`),
  CONSTRAINT `roles-fk` FOREIGN KEY (`role_id`) REFERENCES `roles` (`id`)
) ENGINE=InnoDB AUTO_INCREMENT=29 DEFAULT CHARSET=latin1;

-- ----------------------------
-- Records of role_links
-- ----------------------------
INSERT INTO `role_links` VALUES ('6', '11', '3');
INSERT INTO `role_links` VALUES ('8', '20', '3');
INSERT INTO `role_links` VALUES ('25', '24', '1');
INSERT INTO `role_links` VALUES ('26', '25', '1');
INSERT INTO `role_links` VALUES ('27', '29', '1');
INSERT INTO `role_links` VALUES ('28', '30', '1');

-- ----------------------------
-- Table structure for `sales`
-- ----------------------------
DROP TABLE IF EXISTS `sales`;
CREATE TABLE `sales` (
  `id` int(11) NOT NULL AUTO_INCREMENT,
  `transaction_timestamp` timestamp NOT NULL DEFAULT '0000-00-00 00:00:00' ON UPDATE CURRENT_TIMESTAMP,
  `sale_comments` varchar(255) DEFAULT NULL,
  `total_transaction` double NOT NULL,
  `total_amount_paid` double DEFAULT NULL,
  `total_balance_due` double DEFAULT NULL,
  `user_id` int(11) NOT NULL,
  `vat_per` float DEFAULT NULL,
  `transaction_type` varchar(255) NOT NULL DEFAULT '',
  `total_items` int(11) DEFAULT NULL,
  `total_bvat` double DEFAULT NULL,
  `vat_transaction` float DEFAULT NULL,
  `comment` varchar(255) DEFAULT NULL,
  `reverse_reason` int(11) DEFAULT NULL,
  PRIMARY KEY (`id`),
  KEY `reverse_reason` (`reverse_reason`),
  CONSTRAINT `sales_ibfk_1` FOREIGN KEY (`reverse_reason`) REFERENCES `reverse_reasons` (`id`)
) ENGINE=InnoDB AUTO_INCREMENT=74 DEFAULT CHARSET=latin1;

-- ----------------------------
-- Records of sales
-- ----------------------------
INSERT INTO `sales` VALUES ('32', '2015-05-14 02:21:53', null, '10.25', '3', '7.25', '1', '2.5', '', '3', '10', '0.25', null, null);
INSERT INTO `sales` VALUES ('33', '2015-05-14 02:22:45', null, '10.25', '3', '7.25', '1', '2.5', '', '3', '10', '0.25', null, null);
INSERT INTO `sales` VALUES ('34', '2015-05-14 02:24:47', null, '10.25', '3', '7.25', '1', '2.5', '', '3', '10', '0.25', null, null);
INSERT INTO `sales` VALUES ('43', '2015-05-15 04:02:43', null, '758.19', '180', '578.19', '1', '2.5', '', '167', '739.7', '18.49', null, null);
INSERT INTO `sales` VALUES ('45', '2015-05-15 04:11:53', null, '275.73', '6', '269.73', '1', '2.5', '', '84', '269', '6.73', null, null);
INSERT INTO `sales` VALUES ('46', '2015-05-15 04:21:07', null, '1258.7', '90', '1168.7', '1', '2.5', '', '408', '1228', '30.7', null, null);
INSERT INTO `sales` VALUES ('47', '2015-05-15 04:23:50', null, '17.84', '5', '12.84', '1', '2.5', '', '6', '17.4', '0.44', null, null);
INSERT INTO `sales` VALUES ('48', '2015-05-15 04:28:19', null, '16.4', '15', '1.4', '1', '2.5', '', '3', '16', '0.4', null, null);
INSERT INTO `sales` VALUES ('49', '2015-05-15 04:32:57', null, '30.75', '2', '28.75', '1', '2.5', '', '4', '30', '0.75', null, null);
INSERT INTO `sales` VALUES ('50', '2015-05-15 04:47:29', null, '15.38', '10', '5.38', '1', '2.5', '', '5', '15', '0.38', null, null);
INSERT INTO `sales` VALUES ('51', '2015-05-15 04:55:15', null, '15.38', '1', '14.38', '1', '2.5', '', '2', '15', '0.38', null, null);
INSERT INTO `sales` VALUES ('52', '2015-05-15 04:56:51', null, '15.38', '12', '3.38', '1', '2.5', '', '2', '15', '0.38', null, null);
INSERT INTO `sales` VALUES ('53', '2015-05-15 04:57:27', null, '671.38', '600', '71.38', '1', '2.5', '', '77', '655', '16.38', null, null);
INSERT INTO `sales` VALUES ('54', '2015-05-15 21:59:59', null, '76.88', '0', '76.88', '1', '2.5', '', '25', '75', '1.88', null, null);
INSERT INTO `sales` VALUES ('55', '2015-05-15 22:43:24', null, '3.08', '2', '1.08', '1', '2.5', '', '1', '3', '0.08', null, null);
INSERT INTO `sales` VALUES ('56', '2015-05-15 22:43:50', null, '3.08', '2', '1.08', '1', '2.5', '', '1', '3', '0.08', null, null);
INSERT INTO `sales` VALUES ('57', '2015-05-15 22:44:11', null, '3.08', '2', '1.08', '1', '2.5', '', '1', '3', '0.08', null, null);
INSERT INTO `sales` VALUES ('58', '2015-05-15 23:21:56', null, '10.25', '5', '5.25', '1', '2.5', '', '1', '10', '0.25', null, null);
INSERT INTO `sales` VALUES ('59', '2015-05-15 23:27:23', null, '10.25', '10', '0.25', '1', '2.5', '', '1', '10', '0.25', null, null);
INSERT INTO `sales` VALUES ('60', '2015-05-15 23:29:10', null, '102.5', '100', '2.5', '1', '2.5', '', '5', '100', '2.5', null, null);
INSERT INTO `sales` VALUES ('61', '2015-05-15 23:32:38', null, '41', '40', '1', '1', '2.5', 'add_sales', '4', '40', '1', null, null);
INSERT INTO `sales` VALUES ('62', '2015-05-16 00:44:09', null, '10.25', '10', '0.25', '1', '2.5', 'add_sales', '1', '10', '0.25', null, null);
INSERT INTO `sales` VALUES ('63', '2015-05-16 00:47:34', null, '115.83', '0', '115.83', '1', '2.5', 'add_recv', '18', '113', '2.83', null, null);
INSERT INTO `sales` VALUES ('64', '2015-05-16 00:50:34', null, '28.6', '0', '28.6', '1', '2.5', 'add_inv', '9', '27.9', '0.7', null, null);
INSERT INTO `sales` VALUES ('65', '2015-05-16 01:12:16', null, '10.25', '50', '-39.75', '1', '2.5', 'add_sales', '1', '10', '0.25', null, null);
INSERT INTO `sales` VALUES ('66', '2015-05-16 01:25:10', null, '10.25', '1', '9.25', '1', '2.5', 'add_sales', '1', '10', '0.25', null, null);
INSERT INTO `sales` VALUES ('67', '2015-05-16 01:25:34', null, '20', '0', '20', '1', '0', 'add_recv', '2', '20', '0', null, null);
INSERT INTO `sales` VALUES ('68', '2015-05-16 01:26:50', null, '51.25', '0', '51.25', '1', '2.5', 'add_inv', '5', '50', '1.25', null, null);
INSERT INTO `sales` VALUES ('69', '2015-05-16 01:43:07', null, '17.5', '0', '0', '1', '0', 'add_recv', '5', '17.5', '0', null, null);
INSERT INTO `sales` VALUES ('70', '2015-05-17 03:18:47', null, '9000', '0', '0', '1', '0', 'add_recv', '100', '9000', '0', null, null);
INSERT INTO `sales` VALUES ('71', '2015-05-17 03:19:20', null, '900', '0', '0', '1', '0', 'add_revr', '10', '900', '0', null, null);
INSERT INTO `sales` VALUES ('72', '2015-05-17 05:08:06', null, '3.59', '6', '-2.41', '1', '2.5', 'add_sales', '1', '3.5', '0.09', null, null);
INSERT INTO `sales` VALUES ('73', '2015-05-17 05:09:42', null, '3.5', '0', '0', '1', '0', 'add_revr', '1', '3.5', '0', null, '1');

-- ----------------------------
-- Table structure for `sales_jn`
-- ----------------------------
DROP TABLE IF EXISTS `sales_jn`;
CREATE TABLE `sales_jn` (
  `id` int(11) NOT NULL AUTO_INCREMENT,
  `transaction_timestamp` timestamp NOT NULL DEFAULT '0000-00-00 00:00:00' ON UPDATE CURRENT_TIMESTAMP,
  `sale_comments` varchar(255) DEFAULT NULL,
  `total_transaction` double NOT NULL,
  `total_amount_paid` double DEFAULT NULL,
  `total_balance_due` double DEFAULT NULL,
  `user_id` int(11) NOT NULL,
  `vat_per` float DEFAULT NULL,
  `transaction_type` varchar(255) NOT NULL DEFAULT '',
  `total_items` int(11) DEFAULT NULL,
  `total_bvat` double DEFAULT NULL,
  `vat_transaction` float DEFAULT NULL,
  `comment` varchar(255) DEFAULT NULL,
  PRIMARY KEY (`id`)
) ENGINE=InnoDB AUTO_INCREMENT=70 DEFAULT CHARSET=latin1;

-- ----------------------------
-- Records of sales_jn
-- ----------------------------
INSERT INTO `sales_jn` VALUES ('32', '2015-05-14 02:21:53', null, '10.25', '3', '7.25', '1', '2.5', '', '3', '10', '0.25', null);
INSERT INTO `sales_jn` VALUES ('33', '2015-05-14 02:22:45', null, '10.25', '3', '7.25', '1', '2.5', '', '3', '10', '0.25', null);
INSERT INTO `sales_jn` VALUES ('34', '2015-05-14 02:24:47', null, '10.25', '3', '7.25', '1', '2.5', '', '3', '10', '0.25', null);
INSERT INTO `sales_jn` VALUES ('43', '2015-05-15 04:02:43', null, '758.19', '180', '578.19', '1', '2.5', '', '167', '739.7', '18.49', null);
INSERT INTO `sales_jn` VALUES ('45', '2015-05-15 04:11:53', null, '275.73', '6', '269.73', '1', '2.5', '', '84', '269', '6.73', null);
INSERT INTO `sales_jn` VALUES ('46', '2015-05-15 04:21:07', null, '1258.7', '90', '1168.7', '1', '2.5', '', '408', '1228', '30.7', null);
INSERT INTO `sales_jn` VALUES ('47', '2015-05-15 04:23:50', null, '17.84', '5', '12.84', '1', '2.5', '', '6', '17.4', '0.44', null);
INSERT INTO `sales_jn` VALUES ('48', '2015-05-15 04:28:19', null, '16.4', '15', '1.4', '1', '2.5', '', '3', '16', '0.4', null);
INSERT INTO `sales_jn` VALUES ('49', '2015-05-15 04:32:57', null, '30.75', '2', '28.75', '1', '2.5', '', '4', '30', '0.75', null);
INSERT INTO `sales_jn` VALUES ('50', '2015-05-15 04:47:29', null, '15.38', '10', '5.38', '1', '2.5', '', '5', '15', '0.38', null);
INSERT INTO `sales_jn` VALUES ('51', '2015-05-15 04:55:15', null, '15.38', '1', '14.38', '1', '2.5', '', '2', '15', '0.38', null);
INSERT INTO `sales_jn` VALUES ('52', '2015-05-15 04:56:51', null, '15.38', '12', '3.38', '1', '2.5', '', '2', '15', '0.38', null);
INSERT INTO `sales_jn` VALUES ('53', '2015-05-15 04:57:27', null, '671.38', '600', '71.38', '1', '2.5', '', '77', '655', '16.38', null);
INSERT INTO `sales_jn` VALUES ('54', '2015-05-15 21:59:59', null, '76.88', '0', '76.88', '1', '2.5', '', '25', '75', '1.88', null);
INSERT INTO `sales_jn` VALUES ('55', '2015-05-15 22:43:24', null, '3.08', '2', '1.08', '1', '2.5', '', '1', '3', '0.08', null);
INSERT INTO `sales_jn` VALUES ('56', '2015-05-15 22:43:50', null, '3.08', '2', '1.08', '1', '2.5', '', '1', '3', '0.08', null);
INSERT INTO `sales_jn` VALUES ('57', '2015-05-15 22:44:11', null, '3.08', '2', '1.08', '1', '2.5', '', '1', '3', '0.08', null);
INSERT INTO `sales_jn` VALUES ('58', '2015-05-15 23:21:56', null, '10.25', '5', '5.25', '1', '2.5', '', '1', '10', '0.25', null);
INSERT INTO `sales_jn` VALUES ('59', '2015-05-15 23:27:23', null, '10.25', '10', '0.25', '1', '2.5', '', '1', '10', '0.25', null);
INSERT INTO `sales_jn` VALUES ('60', '2015-05-15 23:29:10', null, '102.5', '100', '2.5', '1', '2.5', '', '5', '100', '2.5', null);
INSERT INTO `sales_jn` VALUES ('61', '2015-05-15 23:32:38', null, '41', '40', '1', '1', '2.5', 'add_sales', '4', '40', '1', null);
INSERT INTO `sales_jn` VALUES ('62', '2015-05-16 00:44:09', null, '10.25', '10', '0.25', '1', '2.5', 'add_sales', '1', '10', '0.25', null);
INSERT INTO `sales_jn` VALUES ('63', '2015-05-16 00:47:34', null, '115.83', '0', '115.83', '1', '2.5', 'add_recv', '18', '113', '2.83', null);
INSERT INTO `sales_jn` VALUES ('64', '2015-05-16 00:50:34', null, '28.6', '0', '28.6', '1', '2.5', 'add_inv', '9', '27.9', '0.7', null);
INSERT INTO `sales_jn` VALUES ('65', '2015-05-16 01:12:16', null, '10.25', '50', '-39.75', '1', '2.5', 'add_sales', '1', '10', '0.25', null);
INSERT INTO `sales_jn` VALUES ('66', '2015-05-16 01:25:10', null, '10.25', '1', '9.25', '1', '2.5', 'add_sales', '1', '10', '0.25', null);
INSERT INTO `sales_jn` VALUES ('67', '2015-05-16 01:25:34', null, '20', '0', '20', '1', '0', 'add_recv', '2', '20', '0', null);
INSERT INTO `sales_jn` VALUES ('68', '2015-05-16 01:26:50', null, '51.25', '0', '51.25', '1', '2.5', 'add_inv', '5', '50', '1.25', null);
INSERT INTO `sales_jn` VALUES ('69', '2015-05-16 01:43:07', null, '17.5', '0', '0', '1', '0', 'add_recv', '5', '17.5', '0', null);

-- ----------------------------
-- Table structure for `sites`
-- ----------------------------
DROP TABLE IF EXISTS `sites`;
CREATE TABLE `sites` (
  `id` int(11) NOT NULL AUTO_INCREMENT,
  `site_name` varchar(255) DEFAULT NULL,
  `site_key` varchar(255) DEFAULT NULL,
  `site_inst_id` int(11) DEFAULT NULL,
  `address` varchar(255) DEFAULT NULL,
  `city` varchar(255) DEFAULT NULL,
  `phone` varchar(255) DEFAULT NULL,
  `fax` varchar(255) DEFAULT NULL,
  `email` varchar(255) DEFAULT NULL,
  `site_lock` enum('0','1') NOT NULL DEFAULT '0',
  `site_desc` text,
  `rec_date` timestamp NULL DEFAULT NULL ON UPDATE CURRENT_TIMESTAMP,
  PRIMARY KEY (`id`),
  KEY `inst-fk` (`site_inst_id`),
  CONSTRAINT `inst-fk` FOREIGN KEY (`site_inst_id`) REFERENCES `institutions` (`id`)
) ENGINE=InnoDB AUTO_INCREMENT=12 DEFAULT CHARSET=latin1;

-- ----------------------------
-- Records of sites
-- ----------------------------
INSERT INTO `sites` VALUES ('1', 'Testtt', 'ASDFASFASFSDFSFSF2345345QWASASDF', '1', null, 'Temat', '02457073434', '1234123', 'nayibor@gmail.com', '1', '0', null);
INSERT INTO `sites` VALUES ('2', 'SilverBird', 'ASDFDSAFSA', '2', null, null, null, null, null, '0', '0', null);
INSERT INTO `sites` VALUES ('3', 'SilverBird Nigeria', 'ADSFSAUP787564', '2', null, null, null, null, null, '0', '0', null);
INSERT INTO `sites` VALUES ('4', 'Silver Bird Ghana', 'ADSFASDFKLJPIU34123415647', '1', null, 'Accra', '900908098', '090009', 'dollar@yahoo.com', '1', '0', null);
INSERT INTO `sites` VALUES ('5', 'Dredded', null, '1', null, 'Dreed City', '877880', '0878097870', 'dede@as.com', '1', 'adsf', '2014-08-22 21:22:14');
INSERT INTO `sites` VALUES ('6', ' Default Site', null, '4', null, null, null, null, null, '0', null, null);
INSERT INTO `sites` VALUES ('7', 'Defalut2 Default Site', null, '5', 'adsfdsa', 'asdf', 'asdf', '908098', 'nay@a.com', '0', null, null);
INSERT INTO `sites` VALUES ('8', 'TESTS7777 Default Site', null, '7', 'ASDFDS', 'TESTE', 'TEST', '32332', '1380', '0', null, null);
INSERT INTO `sites` VALUES ('9', 'Local-First Default Site', null, '1', 'jjj', 'fracni', '98707', '0245707630', 'fasdf@hay.com', '1', 'j', '2014-08-22 21:21:44');
INSERT INTO `sites` VALUES ('10', 'EP Default Site', null, '8', 'asdfas', 'KOKOMLELE', '0245707630', '8989-', 'epa@ecobank.com', '0', null, null);
INSERT INTO `sites` VALUES ('11', 'BAMSOFT Default Site', null, '9', 'adkdkdkdk', 'TEMA', '9898934', '890778902435', 'commanderjukes@gmail.com', '0', null, null);

-- ----------------------------
-- Table structure for `suppliers`
-- ----------------------------
DROP TABLE IF EXISTS `suppliers`;
CREATE TABLE `suppliers` (
  `id` int(10) unsigned NOT NULL AUTO_INCREMENT,
  `topgolf_card_id` int(11) DEFAULT NULL,
  `email` varchar(255) DEFAULT NULL,
  `title` varchar(10) DEFAULT NULL,
  `fname` varchar(255) NOT NULL,
  `lname` varchar(255) NOT NULL,
  `mname` varchar(255) DEFAULT NULL,
  `gender` varchar(10) NOT NULL,
  `birth_date` date DEFAULT NULL,
  `address1` varchar(255) DEFAULT NULL,
  `address2` varchar(255) DEFAULT NULL,
  `city` varchar(100) DEFAULT NULL,
  `state` varchar(255) DEFAULT NULL,
  `post_code` varchar(50) DEFAULT NULL,
  `country` varchar(255) NOT NULL,
  `cell_number` varchar(50) DEFAULT NULL,
  `mobile_phone` varchar(50) DEFAULT NULL,
  `alternate_phone` varchar(50) DEFAULT NULL,
  `membership_start_dt` timestamp NOT NULL DEFAULT CURRENT_TIMESTAMP,
  `membership_end_dt` timestamp NOT NULL DEFAULT '0000-00-00 00:00:00',
  `photo_filename` varchar(255) DEFAULT NULL,
  `member_password` varchar(50) DEFAULT NULL,
  `member_pin` smallint(6) DEFAULT NULL,
  `family_id` int(11) unsigned DEFAULT NULL,
  `member_status_id` int(10) unsigned NOT NULL COMMENT 'What are the stats of the a member?',
  `member_category_id` tinyint(3) unsigned DEFAULT NULL,
  `member_category_pricing_id` int(11) NOT NULL,
  `who_sold_id` int(10) unsigned DEFAULT NULL,
  `security_question` varchar(255) DEFAULT NULL,
  `security_answer` varchar(255) DEFAULT NULL,
  `credit_balance` double(10,2) NOT NULL,
  `cash_balance` double(10,2) unsigned DEFAULT NULL,
  `bonus_balance` double(10,2) unsigned DEFAULT NULL,
  `screen_name` varchar(15) DEFAULT NULL,
  `use_screen_name` tinyint(1) DEFAULT NULL,
  `is_active` tinyint(1) unsigned DEFAULT '1',
  `offers_by_email` tinyint(1) DEFAULT '1',
  `offers_by_post` tinyint(1) DEFAULT '1',
  `site_id` int(10) DEFAULT NULL,
  `home_site_id` int(10) DEFAULT NULL,
  `home_member_id` int(10) DEFAULT NULL,
  `one_id` int(10) DEFAULT NULL,
  `cat_id` int(11) DEFAULT NULL,
  PRIMARY KEY (`id`),
  UNIQUE KEY `screen_name` (`screen_name`),
  KEY `members_who_sold_id_idxfk` (`who_sold_id`),
  KEY `member_status_id` (`member_status_id`) USING BTREE,
  KEY `members_ibfk_3` (`member_category_id`),
  KEY `members_ibfk_4` (`family_id`),
  KEY `members_topgolf_card_id_idx` (`topgolf_card_id`),
  KEY `site_fk` (`site_id`),
  KEY `cat_fk` (`cat_id`),
  CONSTRAINT `cat_fk` FOREIGN KEY (`cat_id`) REFERENCES `categories` (`id`),
  CONSTRAINT `site_fk` FOREIGN KEY (`site_id`) REFERENCES `sites` (`id`)
) ENGINE=InnoDB AUTO_INCREMENT=503 DEFAULT CHARSET=latin1;

-- ----------------------------
-- Records of suppliers
-- ----------------------------
INSERT INTO `suppliers` VALUES ('502', null, 'nayibor@gmail.com', null, 'Nukus', 'kINTE', null, '', null, null, null, null, null, null, '', '87070800987', null, null, '2014-01-25 10:01:02', '0000-00-00 00:00:00', null, null, null, null, '0', null, '0', null, null, null, '0.00', null, null, null, null, '1', '1', '1', '1', null, null, null, '5');

-- ----------------------------
-- Table structure for `taxes`
-- ----------------------------
DROP TABLE IF EXISTS `taxes`;
CREATE TABLE `taxes` (
  `id` int(11) NOT NULL AUTO_INCREMENT,
  `vat_short_name` varchar(255) NOT NULL,
  `vat_value` double NOT NULL,
  `vat_long_name` varchar(255) NOT NULL,
  `vat_category` varchar(255) DEFAULT NULL,
  PRIMARY KEY (`id`)
) ENGINE=InnoDB AUTO_INCREMENT=2 DEFAULT CHARSET=latin1;

-- ----------------------------
-- Records of taxes
-- ----------------------------
INSERT INTO `taxes` VALUES ('1', 'VAT', '2.5', 'Value Added Tax', 'sales');

-- ----------------------------
-- Table structure for `users`
-- ----------------------------
DROP TABLE IF EXISTS `users`;
CREATE TABLE `users` (
  `id` int(11) NOT NULL AUTO_INCREMENT,
  `password` varchar(255) NOT NULL,
  `fname` varchar(255) DEFAULT NULL,
  `lname` varchar(255) DEFAULT NULL,
  `site_id` int(11) DEFAULT NULL,
  `user_email` varchar(255) DEFAULT NULL,
  `lock_status` int(11) DEFAULT '0',
  `dob` timestamp NULL DEFAULT NULL ON UPDATE CURRENT_TIMESTAMP,
  `salt` varchar(255) DEFAULT NULL,
  PRIMARY KEY (`id`),
  KEY `site-fk` (`site_id`),
  CONSTRAINT `site-fk` FOREIGN KEY (`site_id`) REFERENCES `sites` (`id`)
) ENGINE=InnoDB AUTO_INCREMENT=92 DEFAULT CHARSET=latin1;

-- ----------------------------
-- Records of users
-- ----------------------------
INSERT INTO `users` VALUES ('1', 'a3ca38ef0e8554b39ce6fd34b011f9aa197cda1f17e2b08b1816142c4bc67199', 'Ya0', 'Ameyibor', '1', 'nayibor@gmail.com', '0', '2014-09-25 12:01:05', null);
INSERT INTO `users` VALUES ('82', 'a1d980c77067c1ebc2010a63beb0d550f5313a20149f52caaa5899c4b3452f42', 'n4newnew', 'Fresh', '1', 'n4@gmail.com', '0', '2014-09-11 09:59:02', null);
INSERT INTO `users` VALUES ('83', 'da781a0732aa99c9a232666454ef368514fe457129661f058cfe26590fd7e0f0', 'Freshman', 'freshfresh', '1', 'fresh@fr.com', '0', '2014-08-22 21:23:50', null);
INSERT INTO `users` VALUES ('85', '1c6334dd23bddc483d7dbc8e1ad6c13713294e1b322739a2286f1ea404ef804f', 'Pearl', 'Tester', '1', 'freshndice@fr.com', '0', '2014-09-11 09:52:20', null);
INSERT INTO `users` VALUES ('87', '0f1c7e12d749445b41d98c451eb368c3b8b47c1465ca1fdec5df75107c5d6eee', 'alima', 'shardow', '9', 'a.shardow', '0', '2014-09-11 10:00:39', null);
INSERT INTO `users` VALUES ('88', 'b698ddb15c4cef76191858f5006ea7c62ba51444209769f6f6a1f36818788282', 'happy', 'darlington', '9', 'h.dall', '0', '2015-04-07 22:21:06', null);
INSERT INTO `users` VALUES ('89', 'cb3db663d427542c3fb2d15f230ae7fa4985be115ba87690f26e727543a9f054', 'marie', 'offeh', '9', 'marieoffeh@gmail.com', '0', '2014-09-11 09:59:59', null);
INSERT INTO `users` VALUES ('90', '80c016f51ea65fa535484990a4474e081cc73fe9eadd756efd3858cd3c134a4a', 'aziz', 'abdul', '9', 'a.aziz', '0', '2015-04-14 14:57:29', null);
INSERT INTO `users` VALUES ('91', '961bc1f1bc2ff2df7cf5a33834896384060d35190ba35dce841fefafa3bcdf62', 'testne', 'asfd', '4', 'asdf', '0', '2015-05-12 03:19:17', null);

-- ----------------------------
-- Table structure for `user_roles`
-- ----------------------------
DROP TABLE IF EXISTS `user_roles`;
CREATE TABLE `user_roles` (
  `id` int(11) NOT NULL AUTO_INCREMENT,
  `role_id` int(11) DEFAULT NULL,
  `user_id` int(11) DEFAULT NULL,
  PRIMARY KEY (`id`),
  KEY `role-fk` (`role_id`),
  CONSTRAINT `role-fk` FOREIGN KEY (`role_id`) REFERENCES `roles` (`id`)
) ENGINE=InnoDB AUTO_INCREMENT=178 DEFAULT CHARSET=latin1;

-- ----------------------------
-- Records of user_roles
-- ----------------------------
INSERT INTO `user_roles` VALUES ('169', '1', '87');
INSERT INTO `user_roles` VALUES ('170', '1', '88');
INSERT INTO `user_roles` VALUES ('171', '1', '89');
INSERT INTO `user_roles` VALUES ('172', '3', '89');
INSERT INTO `user_roles` VALUES ('173', '4', '89');
INSERT INTO `user_roles` VALUES ('174', '1', '1');
INSERT INTO `user_roles` VALUES ('175', '3', '1');
INSERT INTO `user_roles` VALUES ('176', '4', '1');
INSERT INTO `user_roles` VALUES ('177', '1', '90');
